id_no,target_shape,expected,accuracy,response,Age_Months
152,Shape4B.jpg,fum,1,fum,110
152,Shape8B.jpg,dep,0,silence,110
152,Shape5B.jpg,gex,0,bix,110
152,Shape3B.jpg,beb,0,dod,110
152,Shape10B.jpg,dod,1,dod,110
152,Shape1B.jpg,bix,0,silence,110
152,Shape9B.jpg,sut,1,sut,110
152,Shape11B.jpg,pag,1,pag,110
152,Shape2B.jpg,fip,0,dep,110
152,Shape12B.jpg,pof,1,pof,110
152,Shape6B.jpg,gop,0,silence,110
152,Shape7B.jpg,saf,0,sag,110
186,Shape4B.jpg,fum,0,silence,123
186,Shape8B.jpg,dep,0,silence,123
186,Shape5B.jpg,gex,0,silence,123
186,Shape3B.jpg,beb,0,silence,123
186,Shape10B.jpg,dod,0,silence,123
186,Shape1B.jpg,bix,0,silence,123
186,Shape9B.jpg,sut,0,silence,123
186,Shape11B.jpg,pag,0,silence,123
186,Shape2B.jpg,fip,0,silence,123
186,Shape12B.jpg,pof,0,silence,123
186,Shape6B.jpg,gop,0,silence,123
186,Shape7B.jpg,saf,0,silence,123
139,Shape3B.jpg,beb,0,gof,125
139,Shape8B.jpg,dep,0,pof,125
139,Shape2B.jpg,fip,0,bim,125
139,Shape1B.jpg,bix,0,dus,125
139,Shape6B.jpg,gop,0,flix,125
139,Shape4B.jpg,fum,0,bex,125
139,Shape9B.jpg,sut,0,sof,125
139,Shape12B.jpg,pof,0,sus,125
139,Shape10B.jpg,dod,0,dob,125
139,Shape7B.jpg,saf,0,af,125
139,Shape11B.jpg,pag,1,pag,125
139,Shape5B.jpg,gex,0,dex,125
59,Shape5B.jpg,gex,0,silence,128
59,Shape3B.jpg,beb,0,silence,128
59,Shape11B.jpg,pag,0,silence,128
59,Shape8B.jpg,dep,0,silence,128
59,Shape7B.jpg,saf,0,pof,128
59,Shape2B.jpg,fip,0,silence,128
59,Shape4B.jpg,fum,0,silence,128
59,Shape12B.jpg,pof,0,silence,128
59,Shape6B.jpg,gop,0,fip,128
59,Shape10B.jpg,dod,1,dod,128
59,Shape9B.jpg,sut,0,silence,128
59,Shape1B.jpg,bix,0,silence,128
77,Shape5B.jpg,gex,1,gex,114
77,Shape3B.jpg,beb,0,silence,114
77,Shape11B.jpg,pag,0,silence,114
77,Shape8B.jpg,dep,0,silence,114
77,Shape7B.jpg,saf,1,saf,114
77,Shape2B.jpg,fip,0,pag,114
77,Shape4B.jpg,fum,1,fum,114
77,Shape12B.jpg,pof,0,silence,114
77,Shape6B.jpg,gop,0,fip,114
77,Shape10B.jpg,dod,1,dod,114
77,Shape9B.jpg,sut,1,sut,114
77,Shape1B.jpg,bix,0,pag,114
169,Shape4B.jpg,fum,1,fum,104
169,Shape8B.jpg,dep,0,silence,104
169,Shape5B.jpg,gex,0,fum,104
169,Shape3B.jpg,beb,0,silence,104
169,Shape10B.jpg,dod,1,dod,104
169,Shape1B.jpg,bix,1,bix,104
169,Shape9B.jpg,sut,1,sut,104
169,Shape11B.jpg,pag,1,pag,104
169,Shape2B.jpg,fip,0,sut,104
169,Shape12B.jpg,pof,1,pof,104
169,Shape6B.jpg,gop,0,silence,104
169,Shape7B.jpg,saf,0,silence,104
99,Shape4B.jpg,fum,1,fum,143
99,Shape8B.jpg,dep,1,dop,143
99,Shape5B.jpg,gex,0,bip,143
99,Shape3B.jpg,beb,0,dop,143
99,Shape10B.jpg,dod,0,silence,143
99,Shape1B.jpg,bix,0,silence,143
99,Shape9B.jpg,sut,0,silence,143
99,Shape11B.jpg,pag,0,dod,143
99,Shape2B.jpg,fip,1,fip,143
99,Shape12B.jpg,pof,0,pag,143
99,Shape6B.jpg,gop,0,silence,143
99,Shape7B.jpg,saf,0,silence,143
45,Shape4B.jpg,fum,1,fum,109
45,Shape8B.jpg,dep,1,dep,109
45,Shape5B.jpg,gex,1,gex,109
45,Shape3B.jpg,beb,0,gep,109
45,Shape10B.jpg,dod,1,dod,109
45,Shape1B.jpg,bix,1,bix,109
45,Shape9B.jpg,sut,1,sut,109
45,Shape11B.jpg,pag,0,saf,109
45,Shape2B.jpg,fip,0,sex,109
45,Shape12B.jpg,pof,1,pof,109
45,Shape6B.jpg,gop,0,silence,109
45,Shape7B.jpg,saf,1,saf,109
137,Shape4B.jpg,fum,0,silence,108
137,Shape8B.jpg,dep,0,silence,108
137,Shape5B.jpg,gex,1,gex,108
137,Shape3B.jpg,beb,0,pag,108
137,Shape10B.jpg,dod,0,dong,108
137,Shape1B.jpg,bix,0,dox,108
137,Shape9B.jpg,sut,0,silence,108
137,Shape11B.jpg,pag,1,pag,108
137,Shape2B.jpg,fip,1,fip,108
137,Shape12B.jpg,pof,0,buk,108
137,Shape6B.jpg,gop,1,gop,108
137,Shape7B.jpg,saf,1,saf,108
102,Shape4B.jpg,fum,0,beb,134
102,Shape8B.jpg,dep,1,dep,134
102,Shape5B.jpg,gex,1,gex,134
102,Shape3B.jpg,beb,1,beb,134
102,Shape10B.jpg,dod,0,bix,134
102,Shape1B.jpg,bix,0,gex,134
102,Shape9B.jpg,sut,0,pof,134
102,Shape11B.jpg,pag,0,paf,134
102,Shape2B.jpg,fip,0,beb,134
102,Shape12B.jpg,pof,0,gef,134
102,Shape6B.jpg,gop,1,gop,134
102,Shape7B.jpg,saf,0,gop,134
134,Shape4B.jpg,fum,0,silence,115
134,Shape8B.jpg,dep,1,dep,115
134,Shape5B.jpg,gex,0,dop,115
134,Shape3B.jpg,beb,0,gex,115
134,Shape10B.jpg,dod,0,gex,115
134,Shape1B.jpg,bix,0,dos,115
134,Shape9B.jpg,sut,0,silence,115
134,Shape11B.jpg,pag,0,silence,115
134,Shape2B.jpg,fip,0,silence,115
134,Shape12B.jpg,pof,0,silence,115
134,Shape6B.jpg,gop,0,bix,115
134,Shape7B.jpg,saf,0,silence,115
17,Shape4B.jpg,fum,1,fum,107
17,Shape8B.jpg,dep,0,pav,107
17,Shape5B.jpg,gex,0,fox,107
17,Shape3B.jpg,beb,0,dab,107
17,Shape10B.jpg,dod,1,dod,107
17,Shape1B.jpg,bix,0,dod,107
17,Shape9B.jpg,sut,0,deb,107
17,Shape11B.jpg,pag,1,pag,107
17,Shape2B.jpg,fip,0,sut,107
17,Shape12B.jpg,pof,0,bix,107
17,Shape6B.jpg,gop,0,fip,107
17,Shape7B.jpg,saf,1,saf,107
194,Shape4B.jpg,fum,0,nip,107
194,Shape8B.jpg,dep,1,dep,107
194,Shape5B.jpg,gex,1,gex,107
194,Shape3B.jpg,beb,0,peb,107
194,Shape10B.jpg,dod,0,dox,107
194,Shape1B.jpg,bix,0,silence,107
194,Shape9B.jpg,sut,1,sut,107
194,Shape11B.jpg,pag,0,beb,107
194,Shape2B.jpg,fip,1,fip,107
194,Shape12B.jpg,pof,1,pof,107
194,Shape6B.jpg,gop,1,gop,107
194,Shape7B.jpg,saf,1,saf,107
103,Shape4B.jpg,fum,0,beb,108
103,Shape8B.jpg,dep,1,dep,108
103,Shape5B.jpg,gex,1,gex,108
103,Shape3B.jpg,beb,1,beb,108
103,Shape10B.jpg,dod,0,gob,108
103,Shape1B.jpg,bix,0,sud,108
103,Shape9B.jpg,sut,0,fud,108
103,Shape11B.jpg,pag,1,pag,108
103,Shape2B.jpg,fip,1,fip,108
103,Shape12B.jpg,pof,0,bix,108
103,Shape6B.jpg,gop,1,gop,108
103,Shape7B.jpg,saf,1,saf,108
158,Shape4B.jpg,fum,0,sep,99
158,Shape8B.jpg,dep,0,silence,99
158,Shape5B.jpg,gex,0,dep,99
158,Shape3B.jpg,beb,0,gex,99
158,Shape10B.jpg,dod,0,silence,99
158,Shape1B.jpg,bix,0,silence,99
158,Shape9B.jpg,sut,0,silence,99
158,Shape11B.jpg,pag,1,pag,99
158,Shape2B.jpg,fip,1,fip,99
158,Shape12B.jpg,pof,0,sep,99
158,Shape6B.jpg,gop,1,gop,99
158,Shape7B.jpg,saf,0,saf,99
203,Shape4B.jpg,fum,0,silence,106
203,Shape8B.jpg,dep,0,silence,106
203,Shape5B.jpg,gex,0,silence,106
203,Shape3B.jpg,beb,0,silence,106
203,Shape10B.jpg,dod,0,silence,106
203,Shape1B.jpg,bix,0,silence,106
203,Shape9B.jpg,sut,0,silence,106
203,Shape11B.jpg,pag,0,silence,106
203,Shape2B.jpg,fip,0,silence,106
203,Shape12B.jpg,pof,0,silence,106
203,Shape6B.jpg,gop,0,silence,106
203,Shape7B.jpg,saf,0,silence,106
22,Shape3B.jpg,beb,0,pad,133
22,Shape8B.jpg,dep,0,pag,133
22,Shape2B.jpg,fip,1,fip,133
22,Shape1B.jpg,bix,1,pex,133
22,Shape6B.jpg,gop,0,silence,133
22,Shape4B.jpg,fum,1,fum,133
22,Shape9B.jpg,sut,1,sut,133
22,Shape12B.jpg,pof,0,sut,133
22,Shape10B.jpg,dod,1,pod,133
22,Shape7B.jpg,saf,0,bof,133
22,Shape11B.jpg,pag,1,pag,133
22,Shape5B.jpg,gex,0,peg,133
55,Shape3B.jpg,beb,0,silence,113
55,Shape8B.jpg,dep,0,pag,113
55,Shape2B.jpg,fip,0,gex,113
55,Shape1B.jpg,bix,0,saf,113
55,Shape6B.jpg,gop,0,bif,113
55,Shape4B.jpg,fum,0,bix,113
55,Shape9B.jpg,sut,0,saf,113
55,Shape12B.jpg,pof,0,bax,113
55,Shape10B.jpg,dod,0,silence,113
55,Shape7B.jpg,saf,0,bex,113
55,Shape11B.jpg,pag,1,pag,113
55,Shape5B.jpg,gex,0,sas,113
183,Shape3B.jpg,beb,0,silence,108
183,Shape8B.jpg,dep,0,pag,108
183,Shape2B.jpg,fip,0,dex,108
183,Shape1B.jpg,bix,0,silence,108
183,Shape6B.jpg,gop,0,silence,108
183,Shape4B.jpg,fum,0,fip,108
183,Shape9B.jpg,sut,0,silence,108
183,Shape12B.jpg,pof,0,silence,108
183,Shape10B.jpg,dod,1,dod,108
183,Shape7B.jpg,saf,0,silence,108
183,Shape11B.jpg,pag,0,silence,108
183,Shape5B.jpg,gex,0,silence,108
105,Shape3B.jpg,beb,0,pap,124
105,Shape8B.jpg,dep,0,paf,124
105,Shape2B.jpg,fip,0,silence,124
105,Shape1B.jpg,bix,0,silence,124
105,Shape6B.jpg,gop,0,silence,124
105,Shape4B.jpg,fum,0,dex,124
105,Shape9B.jpg,sut,0,tet,124
105,Shape12B.jpg,pof,0,silence,124
105,Shape10B.jpg,dod,0,silence,124
105,Shape7B.jpg,saf,0,pop,124
105,Shape11B.jpg,pag,0,dop,124
105,Shape5B.jpg,gex,0,gox,124
144,Shape3B.jpg,beb,0,pag,124
144,Shape8B.jpg,dep,1,dep,124
144,Shape2B.jpg,fip,0,fum,124
144,Shape1B.jpg,bix,0,dod,124
144,Shape6B.jpg,gop,1,gop,124
144,Shape4B.jpg,fum,1,fum,124
144,Shape9B.jpg,sut,1,sut,124
144,Shape12B.jpg,pof,0,silence,124
144,Shape10B.jpg,dod,1,dod,124
144,Shape7B.jpg,saf,1,saf,124
144,Shape11B.jpg,pag,1,pag,124
144,Shape5B.jpg,gex,1,gex,124
182,Shape3B.jpg,beb,0,dop,118
182,Shape8B.jpg,dep,0,dop,118
182,Shape2B.jpg,fip,0,nat,118
182,Shape1B.jpg,bix,0,sut,118
182,Shape6B.jpg,gop,0,bix,118
182,Shape4B.jpg,fum,1,fum,118
182,Shape9B.jpg,sut,0,saf,118
182,Shape12B.jpg,pof,0,silence,118
182,Shape10B.jpg,dod,0,dop,118
182,Shape7B.jpg,saf,1,saf,118
182,Shape11B.jpg,pag,1,pag,118
182,Shape5B.jpg,gex,1,gex,118
191,Shape3B.jpg,beb,0,silence,107
191,Shape8B.jpg,dep,1,dep,107
191,Shape2B.jpg,fip,0,silence,107
191,Shape1B.jpg,bix,0,silence,107
191,Shape6B.jpg,gop,0,silence,107
191,Shape4B.jpg,fum,0,silence,107
191,Shape9B.jpg,sut,0,silence,107
191,Shape12B.jpg,pof,0,silence,107
191,Shape10B.jpg,dod,0,silence,107
191,Shape7B.jpg,saf,1,saf,107
191,Shape11B.jpg,pag,0,silence,107
191,Shape5B.jpg,gex,0,silence,107
165,Shape3B.jpg,beb,0,silence,98
165,Shape8B.jpg,dep,1,pof,98
165,Shape2B.jpg,fip,0,silence,98
165,Shape1B.jpg,bix,0,silence,98
165,Shape6B.jpg,gop,0,silence,98
165,Shape4B.jpg,fum,0,silence,98
165,Shape9B.jpg,sut,0,saf,98
165,Shape12B.jpg,pof,0,silence,98
165,Shape10B.jpg,dod,0,silence,98
165,Shape7B.jpg,saf,1,saf,98
165,Shape11B.jpg,pag,0,sut,98
165,Shape5B.jpg,gex,0,silence,98
167,Shape3B.jpg,beb,0,pag,129
167,Shape8B.jpg,dep,0,silence,129
167,Shape2B.jpg,fip,1,fip,129
167,Shape1B.jpg,bix,1,bix,129
167,Shape6B.jpg,gop,1,gop,129
167,Shape4B.jpg,fum,1,fum,129
167,Shape9B.jpg,sut,1,sut,129
167,Shape12B.jpg,pof,0,saf,129
167,Shape10B.jpg,dod,1,dod,129
167,Shape7B.jpg,saf,1,silence,129
167,Shape11B.jpg,pag,1,pag,129
167,Shape5B.jpg,gex,1,gex,129
28,Shape3B.jpg,beb,0,silence,110
28,Shape8B.jpg,dep,0,silence,110
28,Shape2B.jpg,fip,1,silence,110
28,Shape1B.jpg,bix,0,silence,110
28,Shape6B.jpg,gop,0,silence,110
28,Shape4B.jpg,fum,1,silence,110
28,Shape9B.jpg,sut,0,silence,110
28,Shape12B.jpg,pof,0,silence,110
28,Shape10B.jpg,dod,1,silence,110
28,Shape7B.jpg,saf,0,silence,110
28,Shape11B.jpg,pag,1,silence,110
28,Shape5B.jpg,gex,0,silence,110
7,Shape3B.jpg,beb,1,beb,104
7,Shape8B.jpg,dep,1,dep,104
7,Shape2B.jpg,fip,1,fip,104
7,Shape1B.jpg,bix,0,dex,104
7,Shape6B.jpg,gop,0,nix,104
7,Shape4B.jpg,fum,1,fum,104
7,Shape9B.jpg,sut,0,saf,104
7,Shape12B.jpg,pof,0,fet,104
7,Shape10B.jpg,dod,1,dod,104
7,Shape7B.jpg,saf,0,peth,104
7,Shape11B.jpg,pag,0,fip,104
7,Shape5B.jpg,gex,0,dep,104
202,Shape3B.jpg,beb,0,silence,92
202,Shape8B.jpg,dep,0,dop,92
202,Shape2B.jpg,fip,0,silence,92
202,Shape1B.jpg,bix,0,dop,92
202,Shape6B.jpg,gop,0,fip,92
202,Shape4B.jpg,fum,0,silence,92
202,Shape9B.jpg,sut,1,silence,92
202,Shape12B.jpg,pof,0,silence,92
202,Shape10B.jpg,dod,1,god,92
202,Shape7B.jpg,saf,0,pof,92
202,Shape11B.jpg,pag,1,pag,92
202,Shape5B.jpg,gex,0,dep,92
212,Shape3B.jpg,beb,0,dod,141
212,Shape8B.jpg,dep,0,dop,141
212,Shape2B.jpg,fip,0,dop,141
212,Shape1B.jpg,bix,0,dex,141
212,Shape6B.jpg,gop,1,gop,141
212,Shape4B.jpg,fum,0,bix,141
212,Shape9B.jpg,sut,0,pof,141
212,Shape12B.jpg,pof,0,dop,141
212,Shape10B.jpg,dod,0,dum,141
212,Shape7B.jpg,saf,0,hop,141
212,Shape11B.jpg,pag,0,pag,141
212,Shape5B.jpg,gex,0,sop,141
132,Shape3B.jpg,beb,0,silence,116
132,Shape8B.jpg,dep,0,dop,116
132,Shape2B.jpg,fip,0,sut,116
132,Shape1B.jpg,bix,0,saf,116
132,Shape6B.jpg,gop,0,pof,116
132,Shape4B.jpg,fum,0,fip,116
132,Shape9B.jpg,sut,0,pof,116
132,Shape12B.jpg,pof,0,sum,116
132,Shape10B.jpg,dod,0,silence,116
132,Shape7B.jpg,saf,0,pof,116
132,Shape11B.jpg,pag,1,silence,116
132,Shape5B.jpg,gex,1,gex,116
171,Shape3B.jpg,beb,0,silence,103
171,Shape8B.jpg,dep,0,silence,103
171,Shape2B.jpg,fip,0,tap,103
171,Shape1B.jpg,bix,0,sap,103
171,Shape6B.jpg,gop,0,silence,103
171,Shape4B.jpg,fum,0,fip,103
171,Shape9B.jpg,sut,0,saf,103
171,Shape12B.jpg,pof,0,silence,103
171,Shape10B.jpg,dod,1,dod,103
171,Shape7B.jpg,saf,1,saf,103
171,Shape11B.jpg,pag,0,silence,103
171,Shape5B.jpg,gex,0,gox,103
192,Shape3B.jpg,beb,0,silence,112
192,Shape8B.jpg,dep,1,dep,112
192,Shape2B.jpg,fip,0,beb,112
192,Shape1B.jpg,bix,1,bix,112
192,Shape6B.jpg,gop,0,bix,112
192,Shape4B.jpg,fum,0,silence,112
192,Shape9B.jpg,sut,0,hop,112
192,Shape12B.jpg,pof,1,pof,112
192,Shape10B.jpg,dod,1,dod,112
192,Shape7B.jpg,saf,1,saf,112
192,Shape11B.jpg,pag,0,silence,112
192,Shape5B.jpg,gex,0,hop,112
195,Shape3B.jpg,beb,0,silence,131
195,Shape8B.jpg,dep,0,pag,131
195,Shape2B.jpg,fip,0,dep,131
195,Shape1B.jpg,bix,0,silence,131
195,Shape6B.jpg,gop,0,silence,131
195,Shape4B.jpg,fum,0,sip,131
195,Shape9B.jpg,sut,0,deb,131
195,Shape12B.jpg,pof,0,fum,131
195,Shape10B.jpg,dod,0,bix,131
195,Shape7B.jpg,saf,0,pob,131
195,Shape11B.jpg,pag,1,pag,131
195,Shape5B.jpg,gex,0,hip,131
196,Shape3B.jpg,beb,0,gex,112
196,Shape8B.jpg,dep,1,dep,112
196,Shape2B.jpg,fip,0,fuf,112
196,Shape1B.jpg,bix,1,bix,112
196,Shape6B.jpg,gop,1,gop,112
196,Shape4B.jpg,fum,0,dod,112
196,Shape9B.jpg,sut,0,saf,112
196,Shape12B.jpg,pof,0,sof,112
196,Shape10B.jpg,dod,1,dod,112
196,Shape7B.jpg,saf,0,sof,112
196,Shape11B.jpg,pag,0,dod,112
196,Shape5B.jpg,gex,0,deb,112
52,Shape3B.jpg,beb,0,dod,133
52,Shape8B.jpg,dep,0,dop,133
52,Shape2B.jpg,fip,0,fum,133
52,Shape1B.jpg,bix,0,pag,133
52,Shape6B.jpg,gop,0,silence,133
52,Shape4B.jpg,fum,0,fim,133
52,Shape9B.jpg,sut,0,fut,133
52,Shape12B.jpg,pof,0,fut,133
52,Shape10B.jpg,dod,0,fip,133
52,Shape7B.jpg,saf,0,silence,133
52,Shape11B.jpg,pag,0,silence,133
52,Shape5B.jpg,gex,1,gex,133
178,Shape5B.jpg,gex,0,gop,108
178,Shape3B.jpg,beb,0,saf,108
178,Shape11B.jpg,pag,0,gop,108
178,Shape8B.jpg,dep,0,gag,108
178,Shape7B.jpg,saf,0,pag,108
178,Shape2B.jpg,fip,0,fum,108
178,Shape4B.jpg,fum,1,fum,108
178,Shape12B.jpg,pof,1,pof,108
178,Shape6B.jpg,gop,1,pof,108
178,Shape10B.jpg,dod,0,bix,108
178,Shape9B.jpg,sut,1,sut,108
178,Shape1B.jpg,bix,0,tet,108
145,Shape5B.jpg,gex,0,silence,117
145,Shape3B.jpg,beb,1,beb,117
145,Shape11B.jpg,pag,0,silence,117
145,Shape8B.jpg,dep,0,silence,117
145,Shape7B.jpg,saf,1,saf,117
145,Shape2B.jpg,fip,0,duf,117
145,Shape4B.jpg,fum,1,fum,117
145,Shape12B.jpg,pof,0,fum,117
145,Shape6B.jpg,gop,0,tof,117
145,Shape10B.jpg,dod,1,dod,117
145,Shape9B.jpg,sut,1,sut,117
145,Shape1B.jpg,bix,1,bix,117
151,Shape5B.jpg,gex,0,dop,135
151,Shape3B.jpg,beb,0,saf,135
151,Shape11B.jpg,pag,0,silence,135
151,Shape8B.jpg,dep,1,dep,135
151,Shape7B.jpg,saf,1,saf,135
151,Shape2B.jpg,fip,1,fip,135
151,Shape4B.jpg,fum,1,fip,135
151,Shape12B.jpg,pof,1,pof,135
151,Shape6B.jpg,gop,0,silence,135
151,Shape10B.jpg,dod,1,dod,135
151,Shape9B.jpg,sut,0,sit,135
151,Shape1B.jpg,bix,0,silence,135
15,Shape5B.jpg,gex,0,silence,103
15,Shape3B.jpg,beb,0,silence,103
15,Shape11B.jpg,pag,0,silence,103
15,Shape8B.jpg,dep,0,silence,103
15,Shape7B.jpg,saf,1,saf,103
15,Shape2B.jpg,fip,0,silence,103
15,Shape4B.jpg,fum,0,silence,103
15,Shape12B.jpg,pof,0,silence,103
15,Shape6B.jpg,gop,0,silence,103
15,Shape10B.jpg,dod,0,silence,103
15,Shape9B.jpg,sut,0,silence,103
15,Shape1B.jpg,bix,0,silence,103
40,Shape5B.jpg,gex,0,silence,117
40,Shape3B.jpg,beb,0,gex,117
40,Shape11B.jpg,pag,1,pag,117
40,Shape8B.jpg,dep,1,dep,117
40,Shape7B.jpg,saf,1,saf,117
40,Shape2B.jpg,fip,0,fum,117
40,Shape4B.jpg,fum,1,fum,117
40,Shape12B.jpg,pof,0,dep,117
40,Shape6B.jpg,gop,0,bix,117
40,Shape10B.jpg,dod,1,dod,117
40,Shape9B.jpg,sut,1,sut,117
40,Shape1B.jpg,bix,1,bix,117
122,Shape5B.jpg,gex,1,gex,132
122,Shape3B.jpg,beb,0,pag,132
122,Shape11B.jpg,pag,1,pag,132
122,Shape8B.jpg,dep,0,pag,132
122,Shape7B.jpg,saf,0,bev,132
122,Shape2B.jpg,fip,0,fum,132
122,Shape4B.jpg,fum,0,fip,132
122,Shape12B.jpg,pof,1,pof,132
122,Shape6B.jpg,gop,1,gop,132
122,Shape10B.jpg,dod,1,dod,132
122,Shape9B.jpg,sut,0,pub,132
122,Shape1B.jpg,bix,1,bix,132
54,Shape5B.jpg,gex,1,gex,130
54,Shape3B.jpg,beb,0,silence,130
54,Shape11B.jpg,pag,0,dep,130
54,Shape8B.jpg,dep,0,silence,130
54,Shape7B.jpg,saf,1,saf,130
54,Shape2B.jpg,fip,0,beb,130
54,Shape4B.jpg,fum,0,fund,130
54,Shape12B.jpg,pof,0,silence,130
54,Shape6B.jpg,gop,0,silence,130
54,Shape10B.jpg,dod,0,bix,130
54,Shape9B.jpg,sut,0,pof,130
54,Shape1B.jpg,bix,0,silence,130
206,Shape5B.jpg,gex,0,silence,123
206,Shape3B.jpg,beb,0,silence,123
206,Shape11B.jpg,pag,0,saf,123
206,Shape8B.jpg,dep,0,silence,123
206,Shape7B.jpg,saf,1,saf,123
206,Shape2B.jpg,fip,0,silence,123
206,Shape4B.jpg,fum,0,silence,123
206,Shape12B.jpg,pof,0,silence,123
206,Shape6B.jpg,gop,1,gop,123
206,Shape10B.jpg,dod,1,dod,123
206,Shape9B.jpg,sut,0,silence,123
206,Shape1B.jpg,bix,1,bix,123
71,Shape5B.jpg,gex,0,square,148
71,Shape3B.jpg,beb,0,silence,148
71,Shape11B.jpg,pag,1,gop,148
71,Shape8B.jpg,dep,0,pag,148
71,Shape7B.jpg,saf,0,silence,148
71,Shape2B.jpg,fip,0,silence,148
71,Shape4B.jpg,fum,0,fib,148
71,Shape12B.jpg,pof,0,gop,148
71,Shape6B.jpg,gop,1,gop,148
71,Shape10B.jpg,dod,0,bix,148
71,Shape9B.jpg,sut,1,sut,148
71,Shape1B.jpg,bix,1,bix,148
31,Shape5B.jpg,gex,0,dot,103
31,Shape3B.jpg,beb,0,dex,103
31,Shape11B.jpg,pag,0,silence,103
31,Shape8B.jpg,dep,1,dep,103
31,Shape7B.jpg,saf,0,yep,103
31,Shape2B.jpg,fip,1,fip,103
31,Shape4B.jpg,fum,0,silence,103
31,Shape12B.jpg,pof,0,yep,103
31,Shape6B.jpg,gop,1,gop,103
31,Shape10B.jpg,dod,1,dod,103
31,Shape9B.jpg,sut,0,up,103
31,Shape1B.jpg,bix,0,silence,103
121,Shape5B.jpg,gex,1,gex,128
121,Shape3B.jpg,beb,1,beb,128
121,Shape11B.jpg,pag,0,silence,128
121,Shape8B.jpg,dep,1,dep,128
121,Shape7B.jpg,saf,1,saf,128
121,Shape2B.jpg,fip,0,fump,128
121,Shape4B.jpg,fum,0,gex,128
121,Shape12B.jpg,pof,0,silence,128
121,Shape6B.jpg,gop,1,gop,128
121,Shape10B.jpg,dod,1,dod,128
121,Shape9B.jpg,sut,1,sut,128
121,Shape1B.jpg,bix,1,bix,128
126,Shape5B.jpg,gex,0,silence,105
126,Shape3B.jpg,beb,0,silence,105
126,Shape11B.jpg,pag,0,dod,105
126,Shape8B.jpg,dep,0,dop,105
126,Shape7B.jpg,saf,0,sag,105
126,Shape2B.jpg,fip,0,sut,105
126,Shape4B.jpg,fum,1,fum,105
126,Shape12B.jpg,pof,0,silence,105
126,Shape6B.jpg,gop,1,gop,105
126,Shape10B.jpg,dod,1,dod,105
126,Shape9B.jpg,sut,0,pof,105
126,Shape1B.jpg,bix,0,gop,105
159,Shape5B.jpg,gex,1,gex,145
159,Shape3B.jpg,beb,0,silence,145
159,Shape11B.jpg,pag,0,silence,145
159,Shape8B.jpg,dep,0,silence,145
159,Shape7B.jpg,saf,0,silence,145
159,Shape2B.jpg,fip,1,fip,145
159,Shape4B.jpg,fum,0,silence,145
159,Shape12B.jpg,pof,0,fip,145
159,Shape6B.jpg,gop,0,silence,145
159,Shape10B.jpg,dod,0,silence,145
159,Shape9B.jpg,sut,1,sut,145
159,Shape1B.jpg,bix,0,silence,145
43,Shape5B.jpg,gex,1,gex,113
43,Shape3B.jpg,beb,0,silence,113
43,Shape11B.jpg,pag,0,silence,113
43,Shape8B.jpg,dep,1,dep,113
43,Shape7B.jpg,saf,0,stif,113
43,Shape2B.jpg,fip,0,fum,113
43,Shape4B.jpg,fum,0,fip,113
43,Shape12B.jpg,pof,1,fum,113
43,Shape6B.jpg,gop,0,fip,113
43,Shape10B.jpg,dod,0,silence,113
43,Shape9B.jpg,sut,0,silence,113
43,Shape1B.jpg,bix,0,silence,113
9,Shape5B.jpg,gex,0,dop,113
9,Shape3B.jpg,beb,0,silence,113
9,Shape11B.jpg,pag,0,dep,113
9,Shape8B.jpg,dep,1,silence,113
9,Shape7B.jpg,saf,0,silence,113
9,Shape2B.jpg,fip,0,silence,113
9,Shape4B.jpg,fum,0,fip,113
9,Shape12B.jpg,pof,0,silence,113
9,Shape6B.jpg,gop,0,silence,113
9,Shape10B.jpg,dod,1,dod,113
9,Shape9B.jpg,sut,1,sut,113
9,Shape1B.jpg,bix,1,bix,113
111,Shape5B.jpg,gex,0,silence,137
111,Shape3B.jpg,beb,0,silence,137
111,Shape11B.jpg,pag,1,pag,137
111,Shape8B.jpg,dep,0,silence,137
111,Shape7B.jpg,saf,0,paf,137
111,Shape2B.jpg,fip,0,fum,137
111,Shape4B.jpg,fum,1,fum,137
111,Shape12B.jpg,pof,0,silence,137
111,Shape6B.jpg,gop,0,fop,137
111,Shape10B.jpg,dod,0,bip,137
111,Shape9B.jpg,sut,1,sut,137
111,Shape1B.jpg,bix,0,silence,137
69,Shape5B.jpg,gex,1,square,105
69,Shape3B.jpg,beb,0,gex,105
69,Shape11B.jpg,pag,0,silence,105
69,Shape8B.jpg,dep,0,pag,105
69,Shape7B.jpg,saf,0,silence,105
69,Shape2B.jpg,fip,0,sip,105
69,Shape4B.jpg,fum,0,gex,105
69,Shape12B.jpg,pof,0,sep,105
69,Shape6B.jpg,gop,0,silence,105
69,Shape10B.jpg,dod,1,dod,105
69,Shape9B.jpg,sut,0,silence,105
69,Shape1B.jpg,bix,1,bix,105
176,Shape5B.jpg,gex,1,gex,114
176,Shape3B.jpg,beb,0,silence,114
176,Shape11B.jpg,pag,0,fep,114
176,Shape8B.jpg,dep,1,dep,114
176,Shape7B.jpg,saf,0,pof,114
176,Shape2B.jpg,fip,1,fip,114
176,Shape4B.jpg,fum,0,silence,114
176,Shape12B.jpg,pof,1,pof,114
176,Shape6B.jpg,gop,0,fip,114
176,Shape10B.jpg,dod,1,dod,114
176,Shape9B.jpg,sut,1,sut,114
176,Shape1B.jpg,bix,0,bop,114
109,Shape5B.jpg,gex,0,silence,130
109,Shape3B.jpg,beb,0,silence,130
109,Shape11B.jpg,pag,0,silence,130
109,Shape8B.jpg,dep,0,silence,130
109,Shape7B.jpg,saf,0,silence,130
109,Shape2B.jpg,fip,0,silence,130
109,Shape4B.jpg,fum,0,silence,130
109,Shape12B.jpg,pof,0,silence,130
109,Shape6B.jpg,gop,0,silence,130
109,Shape10B.jpg,dod,0,silence,130
109,Shape9B.jpg,sut,0,silence,130
109,Shape1B.jpg,bix,0,silence,130
34,Shape4B.jpg,fum,1,fum,136
34,Shape8B.jpg,dep,0,silence,136
34,Shape5B.jpg,gex,1,gex,136
34,Shape3B.jpg,beb,1,beb,136
34,Shape10B.jpg,dod,1,dod,136
34,Shape1B.jpg,bix,0,ya,136
34,Shape9B.jpg,sut,1,sut,136
34,Shape11B.jpg,pag,0,gek,136
34,Shape2B.jpg,fip,0,gek,136
34,Shape12B.jpg,pof,1,pof,136
34,Shape6B.jpg,gop,1,gop,136
34,Shape7B.jpg,saf,0,pof,136
30,Shape4B.jpg,fum,0,silence,116
30,Shape8B.jpg,dep,0,silence,116
30,Shape5B.jpg,gex,0,fip,116
30,Shape3B.jpg,beb,0,silence,116
30,Shape10B.jpg,dod,1,dod,116
30,Shape1B.jpg,bix,0,silence,116
30,Shape9B.jpg,sut,0,sap,116
30,Shape11B.jpg,pag,0,silence,116
30,Shape2B.jpg,fip,0,fum,116
30,Shape12B.jpg,pof,0,silence,116
30,Shape6B.jpg,gop,1,gop,116
30,Shape7B.jpg,saf,0,silence,116
199,Shape4B.jpg,fum,0,dop,122
199,Shape8B.jpg,dep,0,silence,122
199,Shape5B.jpg,gex,0,dop,122
199,Shape3B.jpg,beb,0,dod,122
199,Shape10B.jpg,dod,1,dod,122
199,Shape1B.jpg,bix,1,bix,122
199,Shape9B.jpg,sut,1,sut,122
199,Shape11B.jpg,pag,1,pag,122
199,Shape2B.jpg,fip,0,beb,122
199,Shape12B.jpg,pof,0,sut,122
199,Shape6B.jpg,gop,0,silence,122
199,Shape7B.jpg,saf,1,saf,122
115,Shape3B.jpg,beb,0,dap,123
115,Shape8B.jpg,dep,1,dep,123
115,Shape2B.jpg,fip,1,fip,123
115,Shape1B.jpg,bix,0,dap,123
115,Shape6B.jpg,gop,0,fip,123
115,Shape4B.jpg,fum,0,dod,123
115,Shape9B.jpg,sut,1,sut,123
115,Shape12B.jpg,pof,0,gop,123
115,Shape10B.jpg,dod,0,dap,123
115,Shape7B.jpg,saf,0,dep,123
115,Shape11B.jpg,pag,0,silence,123
115,Shape5B.jpg,gex,1,gex,123
107,Shape5B.jpg,gex,0,dod,137
107,Shape3B.jpg,beb,0,gex,137
107,Shape11B.jpg,pag,1,pag,137
107,Shape8B.jpg,dep,1,dep,137
107,Shape7B.jpg,saf,1,saf,137
107,Shape2B.jpg,fip,0,gex,137
107,Shape4B.jpg,fum,0,dod,137
107,Shape12B.jpg,pof,1,pof,137
107,Shape6B.jpg,gop,0,silence,137
107,Shape10B.jpg,dod,1,dod,137
107,Shape9B.jpg,sut,1,sut,137
107,Shape1B.jpg,bix,1,bix,137
3,Shape4B.jpg,fum,1,fum,136
3,Shape8B.jpg,dep,0,fom,136
3,Shape5B.jpg,gex,1,gex,136
3,Shape3B.jpg,beb,0,silence,136
3,Shape10B.jpg,dod,0,gop,136
3,Shape1B.jpg,bix,0,silence,136
3,Shape9B.jpg,sut,1,sut,136
3,Shape11B.jpg,pag,1,pag,136
3,Shape2B.jpg,fip,0,silence,136
3,Shape12B.jpg,pof,0,peg,136
3,Shape6B.jpg,gop,0,silence,136
3,Shape7B.jpg,saf,0,silence,136
94,Shape5B.jpg,gex,0,silence,141
94,Shape3B.jpg,beb,0,dov,141
94,Shape11B.jpg,pag,0,silence,141
94,Shape8B.jpg,dep,0,dog,141
94,Shape7B.jpg,saf,0,dof,141
94,Shape2B.jpg,fip,0,silence,141
94,Shape4B.jpg,fum,0,gex,141
94,Shape12B.jpg,pof,0,silence,141
94,Shape6B.jpg,gop,0,box,141
94,Shape10B.jpg,dod,1,dod,141
94,Shape9B.jpg,sut,0,silence,141
94,Shape1B.jpg,bix,0,silence,141
100,Shape2B.jpg,fip,0,hot,144
100,Shape4B.jpg,fum,0,beb,144
100,Shape9B.jpg,sut,0,bix,144
100,Shape12B.jpg,pof,1,pof,144
100,Shape10B.jpg,dod,0,stip,144
100,Shape7B.jpg,saf,0,dep,144
100,Shape11B.jpg,pag,0,silence,144
100,Shape5B.jpg,gex,0,silence,144
209,Shape4B.jpg,fum,0,silence,103
209,Shape8B.jpg,dep,0,dof,103
209,Shape5B.jpg,gex,0,dop,103
209,Shape3B.jpg,beb,0,saf,103
209,Shape10B.jpg,dod,1,dod,103
209,Shape1B.jpg,bix,1,bix,103
209,Shape9B.jpg,sut,0,saf,103
209,Shape11B.jpg,pag,0,sut,103
209,Shape2B.jpg,fip,0,silence,103
209,Shape12B.jpg,pof,0,sut,103
209,Shape6B.jpg,gop,1,gop,103
209,Shape7B.jpg,saf,0,fip,103
8,Shape5B.jpg,gex,0,fip,119
8,Shape3B.jpg,beb,1,beb,119
8,Shape11B.jpg,pag,0,dop,119
8,Shape8B.jpg,dep,0,pof,119
8,Shape7B.jpg,saf,1,saf,119
8,Shape2B.jpg,fip,1,fip,119
8,Shape4B.jpg,fum,1,fum,119
8,Shape12B.jpg,pof,1,pof,119
8,Shape6B.jpg,gop,1,gop,119
8,Shape10B.jpg,dod,1,dod,119
8,Shape9B.jpg,sut,1,sut,119
8,Shape1B.jpg,bix,0,silence,119
27,Shape5B.jpg,gex,1,gex,111
27,Shape3B.jpg,beb,1,beb,111
27,Shape11B.jpg,pag,0,pab,111
27,Shape8B.jpg,dep,1,dep,111
27,Shape7B.jpg,saf,1,saf,111
27,Shape2B.jpg,fip,0,silence,111
27,Shape4B.jpg,fum,0,fip,111
27,Shape12B.jpg,pof,0,silence,111
27,Shape6B.jpg,gop,0,silence,111
27,Shape10B.jpg,dod,0,silence,111
27,Shape9B.jpg,sut,0,silence,111
27,Shape1B.jpg,bix,1,bix,111
70,Shape4B.jpg,fum,0,bix,129
70,Shape8B.jpg,dep,0,dop,129
70,Shape5B.jpg,gex,0,dep,129
70,Shape3B.jpg,beb,0,gep,129
70,Shape10B.jpg,dod,1,dod,129
70,Shape1B.jpg,bix,1,bix,129
70,Shape9B.jpg,sut,0,saf,129
70,Shape11B.jpg,pag,0,ded,129
70,Shape2B.jpg,fip,1,fip,129
70,Shape12B.jpg,pof,0,gop,129
70,Shape6B.jpg,gop,1,gop,129
70,Shape7B.jpg,saf,1,saf,129
133,Shape3B.jpg,beb,0,silence,144
133,Shape8B.jpg,dep,0,silence,144
133,Shape2B.jpg,fip,0,silence,144
133,Shape1B.jpg,bix,1,bix,144
133,Shape6B.jpg,gop,0,silence,144
133,Shape4B.jpg,fum,0,silence,144
133,Shape9B.jpg,sut,0,silence,144
133,Shape12B.jpg,pof,0,silence,144
133,Shape10B.jpg,dod,1,dod,144
133,Shape7B.jpg,saf,0,silence,144
133,Shape11B.jpg,pag,0,silence,144
133,Shape5B.jpg,gex,0,silence,144
143,Shape4B.jpg,fum,0,silence,114
143,Shape8B.jpg,dep,1,dep,114
143,Shape5B.jpg,gex,1,gex,114
143,Shape3B.jpg,beb,0,silence,114
143,Shape10B.jpg,dod,1,dod,114
143,Shape1B.jpg,bix,0,silence,114
143,Shape9B.jpg,sut,0,silence,114
143,Shape11B.jpg,pag,0,silence,114
143,Shape2B.jpg,fip,0,beb,114
143,Shape12B.jpg,pof,0,silence,114
143,Shape6B.jpg,gop,1,gop,114
143,Shape7B.jpg,saf,0,pef,114
166,Shape3B.jpg,beb,0,pag,126
166,Shape8B.jpg,dep,1,dep,126
166,Shape2B.jpg,fip,0,gex,126
166,Shape1B.jpg,bix,0,silence,126
166,Shape6B.jpg,gop,0,silence,126
166,Shape4B.jpg,fum,0,fib,126
166,Shape9B.jpg,sut,0,taf,126
166,Shape12B.jpg,pof,0,bix,126
166,Shape10B.jpg,dod,0,bix,126
166,Shape7B.jpg,saf,0,pag,126
166,Shape11B.jpg,pag,1,pag,126
166,Shape5B.jpg,gex,1,gex,126
29,Shape3B.jpg,beb,0,det,120
29,Shape8B.jpg,dep,1,dep,120
29,Shape2B.jpg,fip,0,bip,120
29,Shape1B.jpg,bix,1,bix,120
29,Shape6B.jpg,gop,0,bix,120
29,Shape4B.jpg,fum,1,fum,120
29,Shape9B.jpg,sut,0,box,120
29,Shape12B.jpg,pof,0,bex,120
29,Shape10B.jpg,dod,0,gip,120
29,Shape7B.jpg,saf,0,fag,120
29,Shape11B.jpg,pag,1,pag,120
29,Shape5B.jpg,gex,0,bix,120
41,Shape3B.jpg,beb,0,gov,113
41,Shape8B.jpg,dep,0,dov,113
41,Shape2B.jpg,fip,0,sub,113
41,Shape1B.jpg,bix,0,silence,113
41,Shape6B.jpg,gop,0,geg,113
41,Shape4B.jpg,fum,1,fum,113
41,Shape9B.jpg,sut,1,sut,113
41,Shape12B.jpg,pof,0,glum,113
41,Shape10B.jpg,dod,1,dod,113
41,Shape7B.jpg,saf,1,saf,113
41,Shape11B.jpg,pag,1,pag,113
41,Shape5B.jpg,gex,1,gex,113
12,Shape5B.jpg,gex,1,gex,134
12,Shape3B.jpg,beb,0,silence,134
12,Shape11B.jpg,pag,0,fip,134
12,Shape8B.jpg,dep,0,peg,134
12,Shape7B.jpg,saf,0,reb,134
12,Shape2B.jpg,fip,0,pep,134
12,Shape4B.jpg,fum,1,fum,134
12,Shape12B.jpg,pof,0,silence,134
12,Shape6B.jpg,gop,0,bix,134
12,Shape10B.jpg,dod,0,bix,134
12,Shape9B.jpg,sut,0,saf,134
12,Shape1B.jpg,bix,1,bix,134
200,Shape4B.jpg,fum,0,ladder,109
200,Shape8B.jpg,dep,1,dep,109
200,Shape5B.jpg,gex,0,bex,109
200,Shape3B.jpg,beb,0,sip,109
200,Shape10B.jpg,dod,0,foam,109
200,Shape1B.jpg,bix,1,bix,109
200,Shape9B.jpg,sut,0,pof,109
200,Shape11B.jpg,pag,0,bix,109
200,Shape2B.jpg,fip,0,garth,109
200,Shape12B.jpg,pof,0,garf,109
200,Shape6B.jpg,gop,1,gop,109
200,Shape7B.jpg,saf,1,saf,109
189,Shape4B.jpg,fum,0,fip,111
189,Shape8B.jpg,dep,0,beb,111
189,Shape5B.jpg,gex,0,silence,111
189,Shape3B.jpg,beb,1,beb,111
189,Shape10B.jpg,dod,0,bix,111
189,Shape1B.jpg,bix,0,beb,111
189,Shape9B.jpg,sut,0,fum,111
189,Shape11B.jpg,pag,0,saf,111
189,Shape2B.jpg,fip,0,silence,111
189,Shape12B.jpg,pof,0,silence,111
189,Shape6B.jpg,gop,0,silence,111
189,Shape7B.jpg,saf,0,silence,111
76,Shape5B.jpg,gex,1,gex,114
76,Shape3B.jpg,beb,0,silence,114
76,Shape11B.jpg,pag,0,bib,114
76,Shape8B.jpg,dep,0,pag,114
76,Shape7B.jpg,saf,1,saf,114
76,Shape2B.jpg,fip,0,sut,114
76,Shape4B.jpg,fum,1,fum,114
76,Shape12B.jpg,pof,0,suf,114
76,Shape6B.jpg,gop,0,fip,114
76,Shape10B.jpg,dod,1,dod,114
76,Shape9B.jpg,sut,0,tut,114
76,Shape1B.jpg,bix,0,dex,114
4,Shape4B.jpg,fum,0,fip,124
4,Shape8B.jpg,dep,0,pip,124
4,Shape5B.jpg,gex,0,silence,124
4,Shape3B.jpg,beb,0,silence,124
4,Shape10B.jpg,dod,0,silence,124
4,Shape1B.jpg,bix,0,gex,124
4,Shape9B.jpg,sut,1,sut,124
4,Shape11B.jpg,pag,1,pag,124
4,Shape2B.jpg,fip,1,fip,124
4,Shape12B.jpg,pof,0,fip,124
4,Shape6B.jpg,gop,0,silence,124
4,Shape7B.jpg,saf,0,silence,124
63,Shape5B.jpg,gex,0,silence,124
63,Shape3B.jpg,beb,0,silence,124
63,Shape11B.jpg,pag,0,silence,124
63,Shape8B.jpg,dep,0,kef,124
63,Shape7B.jpg,saf,1,saf,124
63,Shape2B.jpg,fip,0,silence,124
63,Shape4B.jpg,fum,1,fum,124
63,Shape12B.jpg,pof,0,silence,124
63,Shape6B.jpg,gop,0,silence,124
63,Shape10B.jpg,dod,0,silence,124
63,Shape9B.jpg,sut,0,silence,124
63,Shape1B.jpg,bix,0,silence,124
89,Shape3B.jpg,beb,0,silence,109
89,Shape8B.jpg,dep,0,silence,109
89,Shape2B.jpg,fip,0,silence,109
89,Shape1B.jpg,bix,0,silence,109
89,Shape6B.jpg,gop,0,silence,109
89,Shape4B.jpg,fum,1,fum,109
89,Shape9B.jpg,sut,0,silence,109
89,Shape12B.jpg,pof,0,silence,109
89,Shape10B.jpg,dod,1,dod,109
89,Shape7B.jpg,saf,0,silence,109
89,Shape11B.jpg,pag,0,silence,109
89,Shape5B.jpg,gex,1,gex,109
108,Shape3B.jpg,beb,0,silence,135
108,Shape8B.jpg,dep,0,silence,135
108,Shape2B.jpg,fip,0,dep,135
108,Shape1B.jpg,bix,1,bix,135
108,Shape6B.jpg,gop,0,silence,135
108,Shape4B.jpg,fum,0,bev,135
108,Shape9B.jpg,sut,0,silence,135
108,Shape12B.jpg,pof,0,but,135
108,Shape10B.jpg,dod,1,dod,135
108,Shape7B.jpg,saf,0,silence,135
108,Shape11B.jpg,pag,0,silence,135
108,Shape5B.jpg,gex,0,silence,135
79,Shape3B.jpg,beb,0,det,131
79,Shape8B.jpg,dep,1,dep,131
79,Shape2B.jpg,fip,0,bip,131
79,Shape1B.jpg,bix,0,gix,131
79,Shape6B.jpg,gop,0,bix,131
79,Shape4B.jpg,fum,1,fum,131
79,Shape9B.jpg,sut,0,box,131
79,Shape12B.jpg,pof,0,bex,131
79,Shape10B.jpg,dod,0,gip,131
79,Shape7B.jpg,saf,0,fag,131
79,Shape11B.jpg,pag,0,pog,131
79,Shape5B.jpg,gex,0,bix,131
